TransactionDate,Input,Output,Stock
2020-12-11,0.0,50.0,-11358.0
2020-12-12,0.0,56.0,-11414.0
2020-12-13,0.0,0.0,-11414.0
2020-12-14,0.0,105.0,-11519.0
2020-12-15,0.0,77.0,-11596.0
2020-12-16,0.0,93.0,-11689.0
2020-12-17,0.0,62.0,-11751.0
2020-12-18,0.0,78.0,-11829.0
2020-12-19,0.0,0.0,-11829.0
2020-12-20,0.0,0.0,-11829.0
2020-12-21,0.0,36.0,-11865.0
2020-12-22,0.0,47.0,-11912.0
2020-12-23,0.0,112.0,-12024.0
2020-12-24,0.0,53.0,-12077.0
2020-12-25,0.0,0.0,-12077.0
2020-12-26,0.0,0.0,-12077.0
2020-12-27,0.0,0.0,-12077.0
2020-12-28,0.0,110.0,-12187.0
2020-12-29,0.0,54.0,-12241.0
2020-12-30,0.0,0.0,-12241.0
2020-12-31,0.0,0.0,-12241.0
2021-01-01,0.0,0.0,-12241.0
2021-01-02,0.0,0.0,-12241.0
2021-01-03,0.0,0.0,-12241.0
2021-01-04,0.0,0.0,-12241.0
2021-01-05,0.0,0.0,-12241.0
2021-01-06,0.0,91.0,-12332.0
2021-01-07,683.0,127.0,-11776.0
2021-01-08,0.0,30.0,-11806.0
2021-01-09,0.0,123.0,-11929.0
2021-01-10,0.0,0.0,-11929.0
2021-01-11,0.0,0.0,-11929.0
2021-01-12,0.0,0.0,-11929.0
2021-01-13,0.0,140.0,-12069.0
2021-01-14,360.0,81.0,-11790.0
2021-01-15,0.0,95.0,-11885.0
2021-01-16,0.0,0.0,-11885.0
2021-01-17,0.0,0.0,-11885.0
2021-01-18,0.0,129.0,-12014.0
2021-01-19,0.0,103.0,-12117.0
2021-01-20,0.0,90.0,-12207.0
2021-01-21,0.0,104.0,-12311.0
2021-01-22,767.0,84.0,-11628.0
2021-01-23,0.0,31.0,-11659.0
2021-01-24,0.0,0.0,-11659.0
2021-01-25,219.0,264.0,-11704.0
2021-01-26,310.0,67.0,-11461.0
2021-01-27,0.0,0.0,-11461.0
2021-01-28,0.0,102.0,-11563.0
2021-01-29,604.0,97.0,-11056.0
2021-01-30,120.0,208.0,-11144.0
2021-01-31,0.0,88.0,-11232.0
2021-02-01,0.0,110.0,-11342.0
2021-02-02,0.0,0.0,-11342.0
2021-02-03,714.0,135.0,-10763.0
2021-02-04,0.0,227.0,-10990.0
2021-02-05,20.0,10.0,-10980.0
2021-02-06,0.0,0.0,-10980.0
2021-02-07,0.0,181.0,-11161.0
2021-02-08,0.0,114.0,-11275.0
2021-02-09,0.0,292.0,-11567.0
2021-02-10,742.0,208.0,-11033.0
2021-02-11,0.0,0.0,-11033.0
2021-02-12,0.0,0.0,-11033.0
2021-02-13,0.0,0.0,-11033.0
2021-02-14,0.0,0.0,-11033.0
2021-02-15,0.0,100.0,-11133.0
2021-02-16,0.0,0.0,-11133.0
2021-02-17,0.0,233.0,-11366.0
2021-02-18,0.0,118.0,-11484.0
2021-02-19,323.0,134.0,-11295.0
2021-02-20,0.0,0.0,-11295.0
2021-02-21,0.0,0.0,-11295.0
2021-02-22,0.0,153.0,-11448.0
2021-02-23,0.0,140.0,-11588.0
2021-02-24,777.0,122.0,-10933.0
2021-02-25,0.0,121.0,-11054.0
2021-02-26,251.0,105.0,-10908.0
2021-02-27,0.0,0.0,-10908.0
2021-02-28,0.0,0.0,-10908.0
2021-03-01,0.0,0.0,-10908.0
2021-03-02,541.0,127.0,-10494.0
2021-03-03,136.0,402.0,-10760.0
2021-03-04,0.0,247.0,-11007.0
2021-03-05,0.0,0.0,-11007.0
2021-03-06,600.0,255.0,-10662.0
2021-03-07,0.0,0.0,-10662.0
2021-03-08,0.0,127.0,-10789.0
2021-03-09,0.0,87.0,-10876.0
2021-03-10,759.0,210.0,-10327.0
2021-03-11,0.0,0.0,-10327.0
2021-03-12,182.0,0.0,-10145.0
2021-03-13,0.0,0.0,-10145.0
2021-03-14,0.0,144.0,-10289.0
2021-03-15,0.0,0.0,-10289.0
2021-03-16,0.0,0.0,-10289.0
2021-03-17,0.0,0.0,-10289.0
2021-03-18,0.0,0.0,-10289.0
2021-03-19,0.0,225.0,-10514.0
2021-03-20,0.0,0.0,-10514.0
2021-03-21,0.0,0.0,-10514.0
2021-03-22,0.0,112.0,-10626.0
2021-03-23,0.0,3.0,-10629.0
2021-03-24,618.0,74.0,-10085.0
2021-03-25,0.0,0.0,-10085.0
2021-03-26,8.0,4.0,-10081.0
2021-03-27,0.0,111.0,-10192.0
2021-03-28,0.0,0.0,-10192.0
2021-03-29,0.0,112.0,-10304.0
2021-03-30,0.0,22.0,-10326.0
2021-03-31,0.0,84.0,-10410.0
2021-04-01,788.0,222.0,-9844.0
2021-04-02,6.0,245.0,-10083.0
2021-04-03,0.0,224.0,-10307.0
2021-04-04,0.0,0.0,-10307.0
2021-04-05,0.0,61.0,-10368.0
2021-04-06,928.0,176.0,-9616.0
2021-04-07,0.0,89.0,-9705.0
2021-04-08,0.0,104.0,-9809.0
2021-04-09,0.0,237.0,-10046.0
2021-04-10,780.0,120.0,-9386.0
2021-04-11,0.0,0.0,-9386.0
2021-04-12,0.0,0.0,-9386.0
2021-04-13,0.0,0.0,-9386.0
2021-04-14,0.0,0.0,-9386.0
2021-04-15,0.0,0.0,-9386.0
2021-04-16,1074.0,0.0,-8312.0
2021-04-17,0.0,0.0,-8312.0
2021-04-18,0.0,0.0,-8312.0
2021-04-19,12.0,6.0,-8306.0
2021-04-20,0.0,121.0,-8427.0
2021-04-21,834.0,248.0,-7841.0
2021-04-22,0.0,231.0,-8072.0
2021-04-23,0.0,227.0,-8299.0
2021-04-24,0.0,9.0,-8308.0
2021-04-25,0.0,0.0,-8308.0
2021-04-26,0.0,0.0,-8308.0
2021-04-27,0.0,0.0,-8308.0
2021-04-28,0.0,0.0,-8308.0
2021-04-29,605.0,0.0,-7703.0
2021-04-30,0.0,213.0,-7916.0
2021-05-01,0.0,232.0,-8148.0
2021-05-02,0.0,12.0,-8160.0
2021-05-03,0.0,199.0,-8359.0
2021-05-04,760.0,228.0,-7827.0
2021-05-05,0.0,199.0,-8026.0
2021-05-06,150.0,234.0,-8110.0
2021-05-07,643.0,99.0,-7566.0
2021-05-08,0.0,18.0,-7584.0
2021-05-09,0.0,62.0,-7646.0
2021-05-10,0.0,91.0,-7737.0
2021-05-11,0.0,138.0,-7875.0
2021-05-12,0.0,16.0,-7891.0
2021-05-13,568.0,198.0,-7521.0
2021-05-14,0.0,18.0,-7539.0
2021-05-15,0.0,184.0,-7723.0
2021-05-16,0.0,96.0,-7819.0
2021-05-17,0.0,227.0,-8046.0
2021-05-18,611.0,192.0,-7627.0
2021-05-19,0.0,21.0,-7648.0
2021-05-20,0.0,100.0,-7748.0
2021-05-21,0.0,14.0,-7762.0
2021-05-22,19.0,227.0,-7970.0
2021-05-23,0.0,222.0,-8192.0
2021-05-24,0.0,20.0,-8212.0
2021-05-25,648.0,0.0,-7564.0
2021-05-26,0.0,0.0,-7564.0
2021-05-27,0.0,212.0,-7776.0
2021-05-28,298.0,135.0,-7613.0
2021-05-29,0.0,11.0,-7624.0
2021-05-30,0.0,0.0,-7624.0
2021-05-31,0.0,34.0,-7658.0
2021-06-01,0.0,118.0,-7776.0
2021-06-02,0.0,92.0,-7868.0
2021-06-03,808.0,0.0,-7060.0
2021-06-04,0.0,58.0,-7118.0
2021-06-05,0.0,104.0,-7222.0
2021-06-06,0.0,207.0,-7429.0
2021-06-07,0.0,181.0,-7610.0
2021-06-08,0.0,0.0,-7610.0
2021-06-09,607.0,168.0,-7171.0
2021-06-10,0.0,158.0,-7329.0
2021-06-11,0.0,173.0,-7502.0
2021-06-12,0.0,168.0,-7670.0
2021-06-13,0.0,152.0,-7822.0
2021-06-14,0.0,180.0,-8002.0
2021-06-15,934.0,183.0,-7251.0
2021-06-16,0.0,155.0,-7406.0
2021-06-17,0.0,187.0,-7593.0
2021-06-18,0.0,196.0,-7789.0
2021-06-19,802.0,103.0,-7090.0
2021-06-20,0.0,188.0,-7278.0
2021-06-21,0.0,72.0,-7350.0
2021-06-22,0.0,0.0,-7350.0
2021-06-23,0.0,0.0,-7350.0
2021-06-24,0.0,0.0,-7350.0
2021-06-25,640.0,216.0,-6926.0
2021-06-26,0.0,240.0,-7166.0
2021-06-27,0.0,97.0,-7263.0
2021-06-28,0.0,0.0,-7263.0
2021-06-29,0.0,151.0,-7414.0
2021-06-30,713.0,170.0,-6871.0
2021-07-01,689.0,252.0,-6434.0
2021-07-02,0.0,257.0,-6691.0
2021-07-03,0.0,270.0,-6961.0
2021-07-04,0.0,24.0,-6985.0
2021-07-05,0.0,244.0,-7229.0
2021-07-06,0.0,0.0,-7229.0
2021-07-07,0.0,0.0,-7229.0
2021-07-08,0.0,207.0,-7436.0
2021-07-09,0.0,28.0,-7464.0
2021-07-10,0.0,0.0,-7464.0
2021-07-11,0.0,152.0,-7616.0
2021-07-12,308.0,101.0,-7409.0
2021-07-13,0.0,0.0,-7409.0
2021-07-14,0.0,0.0,-7409.0
2021-07-15,0.0,132.0,-7541.0
2021-07-16,0.0,0.0,-7541.0
2021-07-17,0.0,117.0,-7658.0
2021-07-18,0.0,210.0,-7868.0
2021-07-19,0.0,0.0,-7868.0
2021-07-20,0.0,0.0,-7868.0
2021-07-21,0.0,0.0,-7868.0
2021-07-22,0.0,0.0,-7868.0
2021-07-23,0.0,0.0,-7868.0
2021-07-24,0.0,0.0,-7868.0
2021-07-25,0.0,0.0,-7868.0
2021-07-26,0.0,0.0,-7868.0
2021-07-27,0.0,0.0,-7868.0
2021-07-28,0.0,0.0,-7868.0
2021-07-29,449.0,0.0,-7419.0
2021-07-30,0.0,0.0,-7419.0
2021-07-31,0.0,0.0,-7419.0
2021-08-01,0.0,0.0,-7419.0
2021-08-02,0.0,0.0,-7419.0
2021-08-03,0.0,0.0,-7419.0
2021-08-04,0.0,0.0,-7419.0
2021-08-05,0.0,0.0,-7419.0
2021-08-06,0.0,0.0,-7419.0
2021-08-07,0.0,0.0,-7419.0
2021-08-08,0.0,0.0,-7419.0
2021-08-09,0.0,0.0,-7419.0
2021-08-10,0.0,0.0,-7419.0
2021-08-11,0.0,0.0,-7419.0
2021-08-12,0.0,88.0,-7507.0
2021-08-13,0.0,191.0,-7698.0
2021-08-14,0.0,0.0,-7698.0
2021-08-15,0.0,0.0,-7698.0
2021-08-16,625.0,218.0,-7291.0
2021-08-17,292.0,28.0,-7027.0
2021-08-18,0.0,171.0,-7198.0
2021-08-19,0.0,121.0,-7319.0
2021-08-20,0.0,107.0,-7426.0
2021-08-21,779.0,254.0,-6901.0
2021-08-22,0.0,2.0,-6903.0
2021-08-23,0.0,0.0,-6903.0
2021-08-24,0.0,202.0,-7105.0
2021-08-25,0.0,202.0,-7307.0
2021-08-26,0.0,243.0,-7550.0
2021-08-27,472.0,44.0,-7122.0
2021-08-28,0.0,0.0,-7122.0
2021-08-29,0.0,0.0,-7122.0
2021-08-30,399.0,0.0,-6723.0
2021-08-31,0.0,0.0,-6723.0
2021-09-01,0.0,202.0,-6925.0
2021-09-02,0.0,40.0,-6965.0
2021-09-03,0.0,0.0,-6965.0
2021-09-04,301.0,0.0,-6664.0
2021-09-05,0.0,0.0,-6664.0
2021-09-06,0.0,0.0,-6664.0
2021-09-07,0.0,0.0,-6664.0
2021-09-08,0.0,0.0,-6664.0
2021-09-09,0.0,0.0,-6664.0
2021-09-10,0.0,0.0,-6664.0
2021-09-11,0.0,99.0,-6763.0
2021-09-12,0.0,0.0,-6763.0
2021-09-13,0.0,239.0,-7002.0
2021-09-14,0.0,143.0,-7145.0
2021-09-15,0.0,116.0,-7261.0
2021-09-16,1033.0,0.0,-6228.0
2021-09-17,0.0,214.0,-6442.0
2021-09-18,0.0,0.0,-6442.0
2021-09-19,0.0,0.0,-6442.0
2021-09-20,0.0,0.0,-6442.0
2021-09-21,0.0,0.0,-6442.0
2021-09-22,0.0,0.0,-6442.0
2021-09-23,0.0,0.0,-6442.0
2021-09-24,0.0,0.0,-6442.0
2021-09-25,0.0,80.0,-6522.0
2021-09-26,0.0,0.0,-6522.0
2021-09-27,0.0,0.0,-6522.0
2021-09-28,0.0,88.0,-6610.0
2021-09-29,0.0,0.0,-6610.0
2021-09-30,0.0,0.0,-6610.0
2021-10-01,0.0,0.0,-6610.0
2021-10-02,0.0,137.0,-6747.0
2021-10-03,0.0,0.0,-6747.0
2021-10-04,0.0,130.0,-6877.0
2021-10-05,620.0,92.0,-6349.0
2021-10-06,0.0,24.0,-6373.0
2021-10-07,0.0,0.0,-6373.0
2021-10-08,0.0,218.0,-6591.0
2021-10-09,0.0,143.0,-6734.0
2021-10-10,0.0,0.0,-6734.0
2021-10-11,0.0,24.0,-6758.0
2021-10-12,0.0,0.0,-6758.0
2021-10-13,0.0,151.0,-6909.0
2021-10-14,1126.0,13.0,-5796.0
2021-10-15,0.0,222.0,-6018.0
2021-10-16,0.0,12.0,-6030.0
2021-10-17,0.0,0.0,-6030.0
2021-10-18,0.0,192.0,-6222.0
2021-10-19,0.0,54.0,-6276.0
2021-10-20,0.0,223.0,-6499.0
2021-10-21,1027.0,281.0,-5753.0
2021-10-22,0.0,197.0,-5950.0
2021-10-23,0.0,85.0,-6035.0
2021-10-24,0.0,0.0,-6035.0
2021-10-25,0.0,208.0,-6243.0
2021-10-26,0.0,27.0,-6270.0
2021-10-27,0.0,0.0,-6270.0
2021-10-28,256.0,98.0,-6112.0
2021-10-29,0.0,99.0,-6211.0
2021-10-30,0.0,0.0,-6211.0
2021-10-31,0.0,0.0,-6211.0
2021-11-01,0.0,227.0,-6438.0
2021-11-02,1095.0,205.0,-5548.0
2021-11-03,0.0,264.0,-5812.0
2021-11-04,0.0,256.0,-6068.0
2021-11-05,0.0,256.0,-6324.0
2021-11-06,1519.0,218.0,-5023.0
2021-11-07,0.0,267.0,-5290.0
2021-11-08,0.0,169.0,-5459.0
2021-11-09,0.0,208.0,-5667.0
2021-11-10,0.0,36.0,-5703.0
2021-11-11,0.0,216.0,-5919.0
2021-11-12,0.0,263.0,-6182.0
2021-11-13,0.0,261.0,-6443.0
2021-11-14,0.0,111.0,-6554.0
2021-11-15,859.0,286.0,-5981.0
2021-11-16,0.0,99.0,-6080.0
2021-11-17,0.0,234.0,-6314.0
2021-11-18,0.0,246.0,-6560.0
2021-11-19,740.0,135.0,-5955.0
2021-11-20,0.0,110.0,-6065.0
2021-11-21,0.0,0.0,-6065.0
2021-11-22,0.0,315.0,-6380.0
2021-11-23,0.0,231.0,-6611.0
2021-11-24,988.0,239.0,-5862.0
2021-11-25,0.0,262.0,-6124.0
2021-11-26,0.0,45.0,-6169.0
2021-11-27,0.0,237.0,-6406.0
2021-11-28,0.0,0.0,-6406.0
2021-11-29,1345.0,307.0,-5368.0
2021-11-30,0.0,319.0,-5687.0
2021-12-01,0.0,283.0,-5970.0
2021-12-02,0.0,233.0,-6203.0
2021-12-03,1149.0,109.0,-5163.0
2021-12-04,0.0,0.0,-5163.0
2021-12-05,0.0,0.0,-5163.0
2021-12-06,0.0,139.0,-5302.0
2021-12-07,0.0,285.0,-5587.0
2021-12-08,0.0,348.0,-5935.0
2021-12-09,0.0,333.0,-6268.0
2021-12-10,0.0,142.0,-6410.0
2021-12-11,1194.0,312.0,-5528.0
2021-12-12,0.0,100.0,-5628.0
2021-12-13,0.0,213.0,-5841.0
2021-12-14,0.0,136.0,-5977.0
2021-12-15,0.0,283.0,-6260.0
2021-12-16,0.0,141.0,-6401.0
2021-12-17,1324.0,187.0,-5264.0
2021-12-18,0.0,359.0,-5623.0
2021-12-19,0.0,247.0,-5870.0
2021-12-20,0.0,370.0,-6240.0
2021-12-21,1101.0,84.0,-5223.0
2021-12-22,0.0,0.0,-5223.0
2021-12-23,0.0,183.0,-5406.0
2021-12-24,0.0,275.0,-5681.0
2021-12-25,0.0,279.0,-5960.0
2021-12-26,0.0,0.0,-5960.0
2021-12-27,0.0,99.0,-6059.0
2021-12-28,711.0,207.0,-5555.0
2021-12-29,0.0,340.0,-5895.0
2021-12-30,990.0,73.0,-4978.0
2021-12-31,0.0,0.0,-4978.0
2022-01-01,0.0,0.0,-4978.0
2022-01-02,0.0,243.0,-5221.0
2022-01-03,0.0,316.0,-5537.0
2022-01-04,0.0,315.0,-5852.0
2022-01-05,1172.0,257.0,-4937.0
2022-01-06,0.0,331.0,-5268.0
2022-01-07,0.0,299.0,-5567.0
2022-01-08,0.0,318.0,-5885.0
2022-01-09,0.0,0.0,-5885.0
2022-01-10,0.0,385.0,-6270.0
2022-01-11,0.0,0.0,-6270.0
2022-01-12,932.0,169.0,-5507.0
2022-01-13,0.0,399.0,-5906.0
2022-01-14,1195.0,189.0,-4900.0
2022-01-15,0.0,363.0,-5263.0
2022-01-16,0.0,156.0,-5419.0
2022-01-17,0.0,300.0,-5719.0
2022-01-18,0.0,247.0,-5966.0
2022-01-19,659.0,367.0,-5674.0
2022-01-20,0.0,171.0,-5845.0
2022-01-21,1035.0,192.0,-5002.0
2022-01-22,0.0,0.0,-5002.0
2022-01-23,0.0,0.0,-5002.0
2022-01-24,0.0,193.0,-5195.0
2022-01-25,0.0,226.0,-5421.0
2022-01-26,1394.0,262.0,-4289.0
2022-01-27,0.0,180.0,-4469.0
2022-01-28,0.0,372.0,-4841.0
2022-01-29,0.0,196.0,-5037.0
2022-01-30,0.0,0.0,-5037.0
2022-01-31,0.0,0.0,-5037.0
2022-02-01,0.0,0.0,-5037.0
2022-02-02,945.0,177.0,-4269.0
2022-02-03,0.0,83.0,-4352.0
2022-02-04,1131.0,302.0,-3523.0
2022-02-05,0.0,367.0,-3890.0
2022-02-06,0.0,0.0,-3890.0
2022-02-07,30.0,349.0,-4209.0
2022-02-08,270.0,617.0,-4556.0
2022-02-09,1320.0,549.0,-3785.0
2022-02-10,507.0,833.0,-4111.0
2022-02-11,180.0,449.0,-4380.0
2022-02-12,883.0,262.0,-3759.0
2022-02-13,30.0,30.0,-3759.0
2022-02-14,90.0,336.0,-4005.0
2022-02-15,330.0,686.0,-4361.0
2022-02-16,1387.0,608.0,-3582.0
2022-02-17,360.0,728.0,-3950.0
2022-02-18,180.0,455.0,-4225.0
2022-02-19,1726.0,698.0,-3197.0
2022-02-20,390.0,589.0,-3396.0
2022-02-21,300.0,318.0,-3414.0
2022-02-22,360.0,548.0,-3602.0
2022-02-23,1141.0,344.0,-2805.0
2022-02-24,150.0,163.0,-2818.0
2022-02-25,270.0,339.0,-2887.0
2022-02-26,90.0,90.0,-2887.0
2022-02-27,0.0,0.0,-2887.0
2022-02-28,0.0,0.0,-2887.0
2022-03-01,150.0,347.0,-3084.0
2022-03-02,914.0,0.0,-2170.0
2022-03-03,0.0,0.0,-2170.0
2022-03-04,180.0,460.0,-2450.0
2022-03-05,60.0,60.0,-2450.0
2022-03-06,0.0,0.0,-2450.0
2022-03-07,180.0,480.0,-2750.0
2022-03-08,423.0,125.0,-2452.0
2022-03-09,0.0,0.0,-2452.0
2022-03-10,120.0,427.0,-2759.0
2022-03-11,180.0,198.0,-2777.0
2022-03-12,870.0,295.0,-2202.0
2022-03-13,30.0,30.0,-2202.0
2022-03-14,120.0,439.0,-2521.0
2022-03-15,270.0,555.0,-2806.0
2022-03-16,1180.0,188.0,-1814.0
2022-03-17,240.0,533.0,-2107.0
2022-03-18,270.0,593.0,-2430.0
2022-03-19,90.0,90.0,-2430.0
2022-03-20,0.0,0.0,-2430.0
2022-03-21,150.0,296.0,-2576.0
2022-03-22,180.0,509.0,-2905.0
2022-03-23,1729.0,618.0,-1794.0
2022-03-24,90.0,221.0,-1925.0
2022-03-25,0.0,105.0,-2030.0
2022-03-26,0.0,0.0,-2030.0
2022-03-27,0.0,0.0,-2030.0
2022-03-28,0.0,357.0,-2387.0
2022-03-29,510.0,895.0,-2772.0
2022-03-30,1300.0,581.0,-2053.0
2022-03-31,0.0,85.0,-2138.0
2022-04-01,0.0,328.0,-2466.0
2022-04-02,0.0,0.0,-2466.0
2022-04-03,0.0,0.0,-2466.0
2022-04-04,1043.0,15.0,-1438.0
2022-04-05,0.0,321.0,-1759.0
2022-04-06,0.0,335.0,-2094.0
2022-04-07,0.0,352.0,-2446.0
2022-04-08,1126.0,109.0,-1429.0
2022-04-09,0.0,138.0,-1567.0
2022-04-10,0.0,0.0,-1567.0
2022-04-11,60.0,370.0,-1877.0
2022-04-12,0.0,333.0,-2210.0
2022-04-13,0.0,17.0,-2227.0
2022-04-14,560.0,0.0,-1667.0
2022-04-15,0.0,318.0,-1985.0
2022-04-16,0.0,332.0,-2317.0
2022-04-17,0.0,0.0,-2317.0
2022-04-18,0.0,208.0,-2525.0
2022-04-19,1110.0,11.0,-1426.0
2022-04-20,0.0,118.0,-1544.0
2022-04-21,0.0,280.0,-1824.0
2022-04-22,0.0,25.0,-1849.0
2022-04-23,0.0,0.0,-1849.0
2022-04-24,0.0,0.0,-1849.0
2022-04-25,0.0,0.0,-1849.0
2022-04-26,0.0,0.0,-1849.0
2022-04-27,0.0,0.0,-1849.0
2022-04-28,0.0,0.0,-1849.0
2022-04-29,0.0,0.0,-1849.0
2022-04-30,0.0,0.0,-1849.0
2022-05-01,0.0,0.0,-1849.0
2022-05-02,0.0,0.0,-1849.0
2022-05-03,30.0,112.0,-1931.0
2022-05-04,0.0,0.0,-1931.0
2022-05-05,0.0,0.0,-1931.0
2022-05-06,0.0,0.0,-1931.0
2022-05-07,0.0,0.0,-1931.0
2022-05-08,0.0,0.0,-1931.0
2022-05-09,90.0,208.0,-2049.0
2022-05-10,58.0,0.0,-1991.0
2022-05-11,0.0,262.0,-2253.0
2022-05-12,0.0,11.0,-2264.0
2022-05-13,440.0,0.0,-1824.0
2022-05-14,0.0,0.0,-1824.0
2022-05-15,0.0,0.0,-1824.0
2022-05-16,0.0,136.0,-1960.0
2022-05-17,0.0,1.0,-1961.0
2022-05-18,0.0,134.0,-2095.0
2022-05-19,0.0,366.0,-2461.0
2022-05-20,1008.0,255.0,-1708.0
2022-05-21,0.0,0.0,-1708.0
2022-05-22,0.0,0.0,-1708.0
2022-05-23,0.0,4.0,-1712.0
2022-05-24,0.0,323.0,-2035.0
2022-05-25,180.0,505.0,-2360.0
2022-05-26,1418.0,522.0,-1464.0
2022-05-27,180.0,495.0,-1779.0
2022-05-28,180.0,180.0,-1779.0
2022-05-29,0.0,0.0,-1779.0
2022-05-30,0.0,0.0,-1779.0
2022-05-31,0.0,259.0,-2038.0
2022-06-01,0.0,312.0,-2350.0
2022-06-02,0.0,99.0,-2449.0
2022-06-03,789.0,227.0,-1887.0
2022-06-04,0.0,306.0,-2193.0
2022-06-05,0.0,0.0,-2193.0
2022-06-06,0.0,0.0,-2193.0
2022-06-07,1172.0,307.0,-1328.0
2022-06-08,0.0,387.0,-1715.0
2022-06-09,0.0,170.0,-1885.0
2022-06-10,0.0,319.0,-2204.0
2022-06-11,965.0,327.0,-1566.0
2022-06-12,0.0,0.0,-1566.0
2022-06-13,30.0,164.0,-1700.0
2022-06-14,0.0,144.0,-1844.0
2022-06-15,0.0,332.0,-2176.0
2022-06-16,878.0,335.0,-1633.0
2022-06-17,0.0,127.0,-1760.0
2022-06-18,0.0,157.0,-1917.0
2022-06-19,0.0,0.0,-1917.0
2022-06-20,0.0,200.0,-2117.0
2022-06-21,981.0,348.0,-1484.0
2022-06-22,0.0,195.0,-1679.0
2022-06-23,856.0,324.0,-1147.0
2022-06-24,0.0,160.0,-1307.0
2022-06-25,0.0,325.0,-1632.0
2022-06-26,0.0,139.0,-1771.0
2022-06-27,0.0,51.0,-1822.0
2022-06-28,0.0,392.0,-2214.0
2022-06-29,1516.0,339.0,-1037.0
2022-06-30,0.0,331.0,-1368.0
2022-07-01,0.0,256.0,-1624.0
2022-07-02,0.0,0.0,-1624.0
2022-07-03,0.0,0.0,-1624.0
2022-07-04,160.0,332.0,-1796.0
2022-07-05,988.0,16.0,-824.0
2022-07-06,0.0,385.0,-1209.0
2022-07-07,0.0,373.0,-1582.0
2022-07-08,0.0,357.0,-1939.0
2022-07-09,0.0,358.0,-2297.0
2022-07-10,1318.0,0.0,-979.0
2022-07-11,0.0,356.0,-1335.0
2022-07-12,0.0,395.0,-1730.0
2022-07-13,1141.0,394.0,-983.0
2022-07-14,0.0,384.0,-1367.0
2022-07-15,0.0,379.0,-1746.0
2022-07-16,1234.0,388.0,-900.0
2022-07-17,0.0,0.0,-900.0
2022-07-18,0.0,385.0,-1285.0
2022-07-19,0.0,347.0,-1632.0
2022-07-20,0.0,390.0,-2022.0
2022-07-21,1420.0,398.0,-1000.0
2022-07-22,0.0,379.0,-1379.0
2022-07-23,0.0,346.0,-1725.0
2022-07-24,0.0,123.0,-1848.0
2022-07-25,1322.0,369.0,-895.0
2022-07-26,0.0,383.0,-1278.0
2022-07-27,0.0,354.0,-1632.0
2022-07-28,1146.0,398.0,-884.0
2022-07-29,0.0,393.0,-1277.0
2022-07-30,0.0,393.0,-1670.0
2022-07-31,0.0,0.0,-1670.0
2022-08-01,0.0,0.0,-1670.0
2022-08-02,0.0,0.0,-1670.0
2022-08-03,0.0,0.0,-1670.0
2022-08-04,0.0,365.0,-2035.0
2022-08-05,0.0,176.0,-2211.0
2022-08-06,1445.0,318.0,-1084.0
2022-08-07,0.0,155.0,-1239.0
2022-08-08,0.0,168.0,-1407.0
2022-08-09,228.0,320.0,-1499.0
2022-08-10,1247.0,317.0,-569.0
2022-08-11,0.0,377.0,-946.0
2022-08-12,0.0,201.0,-1147.0
2022-08-13,398.0,404.0,-1153.0
2022-08-14,0.0,0.0,-1153.0
2022-08-15,0.0,342.0,-1495.0
2022-08-16,0.0,124.0,-1619.0
2022-08-17,15.0,377.0,-1981.0
2022-08-18,1239.0,385.0,-1127.0
2022-08-19,0.0,348.0,-1475.0
2022-08-20,0.0,155.0,-1630.0
2022-08-21,0.0,0.0,-1630.0
2022-08-22,0.0,279.0,-1909.0
2022-08-23,1410.0,369.0,-868.0
2022-08-24,150.0,533.0,-1251.0
2022-08-25,180.0,574.0,-1645.0
2022-08-26,180.0,505.0,-1970.0
2022-08-27,1413.0,184.0,-741.0
2022-08-28,0.0,0.0,-741.0
2022-08-29,0.0,348.0,-1089.0
2022-08-30,0.0,351.0,-1440.0
2022-08-31,581.0,218.0,-1077.0
2022-09-01,0.0,378.0,-1455.0
2022-09-02,1380.0,390.0,-465.0
2022-09-03,0.0,356.0,-821.0
2022-09-04,0.0,0.0,-821.0
2022-09-05,0.0,152.0,-973.0
2022-09-06,0.0,0.0,-973.0
2022-09-07,0.0,164.0,-1137.0
2022-09-08,1207.0,0.0,70.0
2022-09-09,0.0,0.0,70.0
2022-09-10,0.0,0.0,70.0
2022-09-11,0.0,0.0,70.0
2022-09-12,0.0,0.0,70.0
2022-09-13,0.0,0.0,70.0
2022-09-14,0.0,158.0,-88.0
2022-09-15,0.0,10.0,-98.0
2022-09-16,0.0,6.0,-104.0
2022-09-17,0.0,0.0,-104.0
2022-09-18,0.0,0.0,-104.0
2022-09-19,0.0,200.0,-304.0
2022-09-20,328.0,198.0,-174.0
2022-09-21,0.0,29.0,-203.0
2022-09-22,0.0,162.0,-365.0
2022-09-23,0.0,143.0,-508.0
2022-09-24,0.0,148.0,-656.0
2022-09-25,0.0,0.0,-656.0
2022-09-26,0.0,142.0,-798.0
2022-09-27,0.0,145.0,-943.0
2022-09-28,0.0,46.0,-989.0
2022-09-29,0.0,159.0,-1148.0
2022-09-30,0.0,0.0,-1148.0
2022-10-01,0.0,0.0,-1148.0
2022-10-02,0.0,0.0,-1148.0
2022-10-03,0.0,0.0,-1148.0
2022-10-04,0.0,149.0,-1297.0
2022-10-05,0.0,146.0,-1443.0
2022-10-06,588.0,155.0,-1010.0
2022-10-07,0.0,147.0,-1157.0
2022-10-08,0.0,0.0,-1157.0
2022-10-09,0.0,0.0,-1157.0
2022-10-10,0.0,0.0,-1157.0
2022-10-11,0.0,122.0,-1279.0
2022-10-12,0.0,101.0,-1380.0
2022-10-13,0.0,104.0,-1484.0
2022-10-14,211.0,0.0,-1273.0
2022-10-15,0.0,0.0,-1273.0
2022-10-16,0.0,0.0,-1273.0
2022-10-17,0.0,36.0,-1309.0
2022-10-18,0.0,0.0,-1309.0
2022-10-19,0.0,3.0,-1312.0
2022-10-20,90.0,194.0,-1416.0
2022-10-21,0.0,0.0,-1416.0
2022-10-22,0.0,0.0,-1416.0
2022-10-23,0.0,0.0,-1416.0
2022-10-24,0.0,31.0,-1447.0
2022-10-25,0.0,93.0,-1540.0
2022-10-26,90.0,39.0,-1489.0
2022-10-27,630.0,82.0,-941.0
2022-10-28,0.0,35.0,-976.0
2022-10-29,0.0,0.0,-976.0
2022-10-30,0.0,0.0,-976.0
2022-10-31,0.0,0.0,-976.0
2022-11-01,0.0,51.0,-1027.0
2022-11-02,0.0,92.0,-1119.0
2022-11-03,0.0,98.0,-1217.0
2022-11-04,420.0,98.0,-895.0
2022-11-05,373.0,0.0,-522.0
2022-11-06,0.0,0.0,-522.0
2022-11-07,0.0,138.0,-660.0
2022-11-08,0.0,142.0,-802.0
2022-11-09,0.0,150.0,-952.0
2022-11-10,0.0,0.0,-952.0
2022-11-11,0.0,0.0,-952.0
2022-11-12,0.0,0.0,-952.0
2022-11-13,0.0,0.0,-952.0
2022-11-14,0.0,104.0,-1056.0
2022-11-15,0.0,159.0,-1215.0
2022-11-16,0.0,136.0,-1351.0
2022-11-17,0.0,179.0,-1530.0
2022-11-18,1096.0,31.0,-465.0
2022-11-19,0.0,0.0,-465.0
2022-11-20,0.0,0.0,-465.0
2022-11-21,0.0,0.0,-465.0
2022-11-22,0.0,32.0,-497.0
2022-11-23,0.0,103.0,-600.0
2022-11-24,0.0,126.0,-726.0
2022-11-25,0.0,0.0,-726.0
2022-11-26,0.0,0.0,-726.0
2022-11-27,0.0,0.0,-726.0
2022-11-28,0.0,0.0,-726.0
2022-11-29,0.0,0.0,-726.0
2022-11-30,0.0,0.0,-726.0
2022-12-01,0.0,0.0,-726.0
2022-12-02,0.0,0.0,-726.0
2022-12-03,0.0,0.0,-726.0
2022-12-04,0.0,0.0,-726.0
2022-12-05,0.0,38.0,-764.0
2022-12-06,0.0,63.0,-827.0
2022-12-07,0.0,67.0,-894.0
2022-12-08,0.0,110.0,-1004.0
2022-12-09,0.0,123.0,-1127.0
2022-12-10,0.0,0.0,-1127.0
2022-12-11,0.0,0.0,-1127.0
2022-12-12,0.0,120.0,-1247.0
2022-12-13,0.0,9.0,-1256.0
2022-12-14,0.0,0.0,-1256.0
2022-12-15,0.0,0.0,-1256.0
2022-12-16,0.0,0.0,-1256.0
2022-12-17,0.0,0.0,-1256.0
2022-12-18,0.0,0.0,-1256.0
2022-12-19,0.0,0.0,-1256.0
2022-12-20,0.0,0.0,-1256.0
2022-12-21,0.0,0.0,-1256.0
2022-12-22,0.0,58.0,-1314.0
2022-12-23,0.0,0.0,-1314.0
2022-12-24,0.0,0.0,-1314.0
2022-12-25,0.0,0.0,-1314.0
2022-12-26,0.0,23.0,-1337.0
2022-12-27,0.0,0.0,-1337.0
2022-12-28,0.0,0.0,-1337.0
2022-12-29,454.0,0.0,-883.0
2022-12-30,0.0,0.0,-883.0
2022-12-31,0.0,0.0,-883.0
2023-01-01,0.0,0.0,-883.0
2023-01-02,0.0,0.0,-883.0
2023-01-03,0.0,74.0,-957.0
2023-01-04,0.0,151.0,-1108.0
2023-01-05,0.0,0.0,-1108.0
2023-01-06,0.0,0.0,-1108.0
2023-01-07,1052.0,152.0,-208.0
2023-01-08,0.0,172.0,-380.0
2023-01-09,0.0,20.0,-400.0
2023-01-10,0.0,92.0,-492.0
2023-01-11,0.0,160.0,-652.0
2023-01-12,0.0,55.0,-707.0
2023-01-13,0.0,153.0,-860.0
2023-01-14,429.0,0.0,-431.0
2023-01-15,0.0,0.0,-431.0
2023-01-16,0.0,164.0,-595.0
2023-01-17,0.0,0.0,-595.0
2023-01-18,0.0,123.0,-718.0
2023-01-19,0.0,176.0,-894.0
2023-01-20,0.0,69.0,-963.0
2023-01-21,0.0,0.0,-963.0
2023-01-22,0.0,0.0,-963.0
2023-01-23,0.0,0.0,-963.0
2023-01-24,0.0,0.0,-963.0
2023-01-25,0.0,139.0,-1102.0
2023-01-26,0.0,0.0,-1102.0
2023-01-27,0.0,0.0,-1102.0
2023-01-28,0.0,111.0,-1213.0
2023-01-29,0.0,0.0,-1213.0
2023-01-30,0.0,171.0,-1384.0
2023-01-31,0.0,7.0,-1391.0
2023-02-01,0.0,0.0,-1391.0
2023-02-02,0.0,2.0,-1393.0
2023-02-03,0.0,0.0,-1393.0
2023-02-04,0.0,0.0,-1393.0
2023-02-05,0.0,0.0,-1393.0
2023-02-06,0.0,32.0,-1425.0
2023-02-07,0.0,0.0,-1425.0
2023-02-08,605.0,92.0,-912.0
2023-02-09,0.0,1.0,-913.0
2023-02-10,0.0,0.0,-913.0
2023-02-11,0.0,0.0,-913.0
2023-02-12,0.0,239.0,-1152.0
2023-02-13,0.0,274.0,-1426.0
2023-02-14,0.0,26.0,-1452.0
2023-02-15,0.0,3.0,-1455.0
2023-02-16,429.0,0.0,-1026.0
2023-02-17,0.0,87.0,-1113.0
2023-02-18,0.0,0.0,-1113.0
2023-02-19,0.0,93.0,-1206.0
2023-02-20,0.0,37.0,-1243.0
2023-02-21,0.0,189.0,-1432.0
2023-02-22,0.0,14.0,-1446.0
2023-02-23,0.0,0.0,-1446.0
2023-02-24,0.0,94.0,-1540.0
2023-02-25,0.0,133.0,-1673.0
2023-02-26,0.0,0.0,-1673.0
2023-02-27,0.0,0.0,-1673.0
2023-02-28,0.0,0.0,-1673.0
2023-03-01,1031.0,0.0,-642.0
2023-03-02,0.0,0.0,-642.0
2023-03-03,0.0,119.0,-761.0
2023-03-04,0.0,0.0,-761.0
2023-03-05,0.0,139.0,-900.0
2023-03-06,0.0,122.0,-1022.0
2023-03-07,0.0,9.0,-1031.0
2023-03-08,0.0,2.0,-1033.0
2023-03-09,0.0,118.0,-1151.0
2023-03-10,0.0,184.0,-1335.0
2023-03-11,0.0,0.0,-1335.0
2023-03-12,0.0,0.0,-1335.0
2023-03-13,0.0,92.0,-1427.0
2023-03-14,796.0,123.0,-754.0
2023-03-15,0.0,146.0,-900.0
2023-03-16,0.0,154.0,-1054.0
2023-03-17,0.0,13.0,-1067.0
2023-03-18,0.0,147.0,-1214.0
2023-03-19,0.0,122.0,-1336.0
2023-03-20,0.0,10.0,-1346.0
2023-03-21,290.0,0.0,-1056.0
2023-03-22,0.0,0.0,-1056.0
2023-03-23,0.0,0.0,-1056.0
2023-03-24,0.0,115.0,-1171.0
2023-03-25,0.0,5.0,-1176.0
2023-03-26,0.0,0.0,-1176.0
2023-03-27,0.0,334.0,-1510.0
2023-03-28,0.0,0.0,-1510.0
2023-03-29,0.0,0.0,-1510.0
2023-03-30,0.0,0.0,-1510.0
2023-03-31,0.0,0.0,-1510.0
2023-04-01,543.0,0.0,-967.0
2023-04-02,0.0,48.0,-1015.0
2023-04-03,0.0,0.0,-1015.0
2023-04-04,0.0,183.0,-1198.0
2023-04-05,0.0,202.0,-1400.0
2023-04-06,0.0,10.0,-1410.0
2023-04-07,0.0,0.0,-1410.0
2023-04-08,668.0,153.0,-895.0
2023-04-09,0.0,0.0,-895.0
2023-04-10,0.0,167.0,-1062.0
2023-04-11,0.0,5.0,-1067.0
2023-04-12,0.0,0.0,-1067.0
2023-04-13,0.0,172.0,-1239.0
2023-04-14,0.0,9.0,-1248.0
2023-04-15,0.0,0.0,-1248.0
2023-04-16,0.0,152.0,-1400.0
2023-04-17,0.0,9.0,-1409.0
2023-04-18,0.0,176.0,-1585.0
2023-04-19,801.0,172.0,-956.0
2023-04-20,0.0,0.0,-956.0
2023-04-21,0.0,0.0,-956.0
2023-04-22,0.0,7.0,-963.0
2023-04-23,0.0,129.0,-1092.0
2023-04-24,0.0,177.0,-1269.0
2023-04-25,0.0,9.0,-1278.0
2023-04-26,0.0,0.0,-1278.0
2023-04-27,0.0,163.0,-1441.0
2023-04-28,0.0,99.0,-1540.0
2023-04-29,460.0,0.0,-1080.0
2023-04-30,0.0,0.0,-1080.0
2023-05-01,0.0,0.0,-1080.0
2023-05-02,0.0,128.0,-1208.0
2023-05-03,0.0,10.0,-1218.0
2023-05-04,0.0,78.0,-1296.0
2023-05-05,0.0,0.0,-1296.0
2023-05-06,0.0,0.0,-1296.0
2023-05-07,669.0,41.0,-668.0
2023-05-08,0.0,183.0,-851.0
2023-05-09,0.0,0.0,-851.0
2023-05-10,0.0,405.0,-1256.0
2023-05-11,0.0,4.0,-1260.0
2023-05-12,0.0,0.0,-1260.0
2023-05-13,0.0,0.0,-1260.0
2023-05-14,0.0,0.0,-1260.0
2023-05-15,714.0,179.0,-725.0
2023-05-16,0.0,177.0,-902.0
2023-05-17,0.0,17.0,-919.0
2023-05-18,0.0,0.0,-919.0
2023-05-19,0.0,0.0,-919.0
2023-05-20,0.0,0.0,-919.0
2023-05-21,0.0,0.0,-919.0
2023-05-22,0.0,341.0,-1260.0
2023-05-23,0.0,5.0,-1265.0
2023-05-24,469.0,83.0,-879.0
2023-05-25,0.0,145.0,-1024.0
2023-05-26,0.0,10.0,-1034.0
2023-05-27,0.0,0.0,-1034.0
2023-05-28,0.0,0.0,-1034.0
2023-05-29,0.0,124.0,-1158.0
2023-05-30,0.0,171.0,-1329.0
2023-05-31,634.0,3.0,-698.0
2023-06-01,0.0,0.0,-698.0
2023-06-02,0.0,0.0,-698.0
2023-06-03,0.0,123.0,-821.0
2023-06-04,0.0,0.0,-821.0
2023-06-05,0.0,14.0,-835.0
2023-06-06,0.0,141.0,-976.0
2023-06-07,0.0,10.0,-986.0
2023-06-08,442.0,85.0,-629.0
2023-06-09,0.0,0.0,-629.0
2023-06-10,0.0,0.0,-629.0
2023-06-11,0.0,0.0,-629.0
2023-06-12,0.0,182.0,-811.0
2023-06-13,0.0,5.0,-816.0
2023-06-14,0.0,0.0,-816.0
2023-06-15,300.0,318.0,-834.0
2023-06-16,0.0,8.0,-842.0
2023-06-17,0.0,0.0,-842.0
2023-06-18,0.0,120.0,-962.0
2023-06-19,0.0,0.0,-962.0
2023-06-20,0.0,0.0,-962.0
2023-06-21,0.0,331.0,-1293.0
2023-06-22,609.0,8.0,-692.0
2023-06-23,0.0,128.0,-820.0
2023-06-24,0.0,0.0,-820.0
2023-06-25,0.0,0.0,-820.0
2023-06-26,0.0,124.0,-944.0
2023-06-27,0.0,0.0,-944.0
2023-06-28,0.0,0.0,-944.0
2023-06-29,0.0,173.0,-1117.0
2023-06-30,0.0,130.0,-1247.0
2023-07-01,604.0,0.0,-643.0
2023-07-02,0.0,0.0,-643.0
2023-07-03,0.0,0.0,-643.0
2023-07-04,0.0,8.0,-651.0
2023-07-05,0.0,0.0,-651.0
2023-07-06,0.0,0.0,-651.0
2023-07-07,0.0,288.0,-939.0
2023-07-08,0.0,127.0,-1066.0
2023-07-09,604.0,0.0,-462.0
2023-07-10,0.0,0.0,-462.0
2023-07-11,0.0,0.0,-462.0
2023-07-12,0.0,0.0,-462.0
2023-07-13,0.0,187.0,-649.0
2023-07-14,0.0,2.0,-651.0
2023-07-15,0.0,0.0,-651.0
2023-07-16,0.0,0.0,-651.0
2023-07-17,0.0,196.0,-847.0
2023-07-18,0.0,188.0,-1035.0
2023-07-19,753.0,187.0,-469.0
2023-07-20,0.0,4.0,-473.0
2023-07-21,0.0,87.0,-560.0
2023-07-22,0.0,0.0,-560.0
2023-07-23,0.0,0.0,-560.0
2023-07-24,0.0,364.0,-924.0
2023-07-25,0.0,175.0,-1099.0
2023-07-26,605.0,0.0,-494.0
2023-07-27,0.0,0.0,-494.0
2023-07-28,0.0,0.0,-494.0
2023-07-29,0.0,0.0,-494.0
2023-07-30,0.0,0.0,-494.0
2023-07-31,0.0,0.0,-494.0
2023-08-01,0.0,0.0,-494.0
2023-08-02,0.0,0.0,-494.0
2023-08-03,0.0,0.0,-494.0
2023-08-04,0.0,0.0,-494.0
2023-08-05,0.0,0.0,-494.0
2023-08-06,0.0,0.0,-494.0
2023-08-07,0.0,0.0,-494.0
2023-08-08,0.0,9.0,-503.0
2023-08-09,0.0,108.0,-611.0
2023-08-10,0.0,143.0,-754.0
2023-08-11,0.0,1.0,-755.0
2023-08-12,0.0,0.0,-755.0
2023-08-13,0.0,0.0,-755.0
2023-08-14,616.0,108.0,-247.0
2023-08-15,0.0,85.0,-332.0
2023-08-16,0.0,0.0,-332.0
2023-08-17,0.0,158.0,-490.0
2023-08-18,0.0,142.0,-632.0
2023-08-19,0.0,0.0,-632.0
2023-08-20,0.0,0.0,-632.0
2023-08-21,0.0,3.0,-635.0
2023-08-22,0.0,340.0,-975.0
2023-08-23,510.0,23.0,-488.0
2023-08-24,0.0,91.0,-579.0
2023-08-25,0.0,0.0,-579.0
2023-08-26,0.0,0.0,-579.0
2023-08-27,0.0,0.0,-579.0
2023-08-28,0.0,289.0,-868.0
2023-08-29,0.0,10.0,-878.0
2023-08-30,584.0,0.0,-294.0
2023-08-31,0.0,0.0,-294.0
2023-09-01,0.0,128.0,-422.0
2023-09-02,0.0,4.0,-426.0
2023-09-03,0.0,0.0,-426.0
2023-09-04,0.0,9.0,-435.0
2023-09-05,0.0,120.0,-555.0
2023-09-06,0.0,16.0,-571.0
2023-09-07,807.0,140.0,96.0
2023-09-08,0.0,8.0,88.0
2023-09-09,0.0,0.0,88.0
2023-09-10,0.0,0.0,88.0
2023-09-11,0.0,180.0,-92.0
2023-09-12,0.0,0.0,-92.0
2023-09-13,0.0,158.0,-250.0
2023-09-14,0.0,111.0,-361.0
2023-09-15,0.0,100.0,-461.0
2023-09-16,0.0,0.0,-461.0
2023-09-17,0.0,0.0,-461.0
2023-09-18,0.0,227.0,-688.0
2023-09-19,0.0,0.0,-688.0
2023-09-20,0.0,105.0,-793.0
2023-09-21,0.0,128.0,-921.0
2023-09-22,0.0,29.0,-950.0
2023-09-23,587.0,0.0,-363.0
2023-09-24,0.0,0.0,-363.0
2023-09-25,845.0,0.0,482.0
2023-09-26,0.0,112.0,370.0
2023-09-27,0.0,0.0,370.0
2023-09-28,0.0,0.0,370.0
2023-09-29,0.0,0.0,370.0
2023-09-30,0.0,0.0,370.0
2023-10-01,0.0,0.0,370.0
2023-10-02,0.0,0.0,370.0
2023-10-03,0.0,0.0,370.0
2023-10-04,0.0,115.0,255.0
2023-10-05,0.0,125.0,130.0
2023-10-06,0.0,133.0,-3.0
2023-10-07,0.0,0.0,-3.0
2023-10-08,0.0,0.0,-3.0
2023-10-09,0.0,0.0,-3.0
2023-10-10,0.0,150.0,-153.0
2023-10-11,0.0,122.0,-275.0
2023-10-12,0.0,149.0,-424.0
2023-10-13,960.0,105.0,431.0
2023-10-14,0.0,0.0,431.0
2023-10-15,0.0,0.0,431.0
2023-10-16,0.0,81.0,350.0
2023-10-17,0.0,146.0,204.0
2023-10-18,0.0,100.0,104.0
2023-10-19,0.0,116.0,-12.0
2023-10-20,0.0,114.0,-126.0
2023-10-21,0.0,0.0,-126.0
2023-10-22,0.0,0.0,-126.0
2023-10-23,0.0,146.0,-272.0
2023-10-24,0.0,116.0,-388.0
2023-10-25,0.0,18.0,-406.0
2023-10-26,965.0,124.0,435.0
2023-10-27,0.0,86.0,349.0
2023-10-28,0.0,0.0,349.0
2023-10-29,0.0,0.0,349.0
2023-10-30,0.0,135.0,214.0
2023-10-31,0.0,164.0,50.0
2023-11-01,0.0,168.0,-118.0
2023-11-02,0.0,102.0,-220.0
2023-11-03,0.0,104.0,-324.0
2023-11-04,0.0,0.0,-324.0
2023-11-05,0.0,0.0,-324.0
2023-11-06,0.0,133.0,-457.0
2023-11-07,758.0,117.0,184.0
2023-11-08,0.0,119.0,65.0
2023-11-09,0.0,135.0,-70.0
2023-11-10,0.0,136.0,-206.0
2023-11-11,0.0,0.0,-206.0
2023-11-12,0.0,0.0,-206.0
2023-11-13,0.0,125.0,-331.0
2023-11-14,0.0,11.0,-342.0
2023-11-15,0.0,3.0,-345.0
2023-11-16,0.0,145.0,-490.0
2023-11-17,0.0,107.0,-597.0
2023-11-18,0.0,0.0,-597.0
2023-11-19,0.0,0.0,-597.0
2023-11-20,664.0,104.0,-37.0
2023-11-21,0.0,0.0,-37.0
2023-11-22,0.0,0.0,-37.0
2023-11-23,0.0,60.0,-97.0
2023-11-24,0.0,0.0,-97.0
2023-11-25,0.0,0.0,-97.0
2023-11-26,0.0,0.0,-97.0
2023-11-27,0.0,98.0,-195.0
2023-11-28,0.0,103.0,-298.0
2023-11-29,0.0,76.0,-374.0
2023-11-30,0.0,50.0,-424.0
2023-12-01,0.0,0.0,-424.0
2023-12-02,697.0,0.0,273.0
2023-12-03,0.0,0.0,273.0
2023-12-04,0.0,58.0,215.0
2023-12-05,0.0,71.0,144.0
2023-12-06,0.0,70.0,74.0
2023-12-07,0.0,80.0,-6.0
2023-12-08,0.0,0.0,-6.0
2023-12-09,0.0,0.0,-6.0
2023-12-10,0.0,78.0,-84.0
2023-12-11,0.0,66.0,-150.0
2023-12-12,0.0,74.0,-224.0
2023-12-13,0.0,132.0,-356.0
2023-12-14,750.0,106.0,288.0
2023-12-15,0.0,3.0,285.0
2023-12-16,0.0,0.0,285.0
2023-12-17,0.0,0.0,285.0
2023-12-18,0.0,0.0,285.0
2023-12-19,0.0,146.0,139.0
2023-12-20,0.0,171.0,-32.0
2023-12-21,0.0,128.0,-160.0
2023-12-22,0.0,95.0,-255.0
2023-12-23,0.0,37.0,-292.0
2023-12-24,0.0,0.0,-292.0
2023-12-25,0.0,0.0,-292.0
2023-12-26,0.0,0.0,-292.0
2023-12-27,0.0,0.0,-292.0
2023-12-28,0.0,6.0,-298.0
2023-12-29,530.0,0.0,232.0
2023-12-30,0.0,0.0,232.0
2023-12-31,0.0,0.0,232.0
2024-01-01,0.0,0.0,232.0
2024-01-02,0.0,94.0,138.0
2024-01-03,0.0,132.0,6.0
2024-01-04,0.0,262.0,-256.0
2024-01-05,0.0,82.0,-338.0
2024-01-06,0.0,0.0,-338.0
2024-01-07,0.0,0.0,-338.0
2024-01-08,0.0,162.0,-500.0
2024-01-09,0.0,167.0,-667.0
2024-01-10,793.0,130.0,-4.0
2024-01-11,0.0,167.0,-171.0
2024-01-12,0.0,105.0,-276.0
2024-01-13,0.0,105.0,-381.0
2024-01-14,0.0,0.0,-381.0
2024-01-15,639.0,13.0,245.0
2024-01-16,0.0,294.0,-49.0
2024-01-17,0.0,70.0,-119.0
2024-01-18,0.0,178.0,-297.0
2024-01-19,20.0,150.0,-427.0
2024-01-20,0.0,0.0,-427.0
2024-01-21,0.0,0.0,-427.0
2024-01-22,0.0,133.0,-560.0
2024-01-23,645.0,249.0,-164.0
2024-01-24,0.0,255.0,-419.0
2024-01-25,0.0,153.0,-572.0
2024-01-26,0.0,55.0,-627.0
2024-01-27,0.0,0.0,-627.0
2024-01-28,0.0,0.0,-627.0
2024-01-29,1351.0,67.0,657.0
2024-01-30,1.0,131.0,527.0
2024-01-31,0.0,165.0,362.0
2024-02-01,0.0,139.0,223.0
2024-02-02,0.0,0.0,223.0
2024-02-03,0.0,104.0,119.0
2024-02-04,0.0,146.0,-27.0
2024-02-05,0.0,169.0,-196.0
2024-02-06,0.0,164.0,-360.0
2024-02-07,0.0,168.0,-528.0
2024-02-08,897.0,0.0,369.0
2024-02-09,0.0,0.0,369.0
2024-02-10,0.0,0.0,369.0
2024-02-11,0.0,0.0,369.0
2024-02-12,0.0,0.0,369.0
2024-02-13,75.0,390.0,54.0
2024-02-14,0.0,129.0,-75.0
2024-02-15,0.0,146.0,-221.0
2024-02-16,630.0,92.0,317.0
2024-02-17,0.0,74.0,243.0
2024-02-18,0.0,0.0,243.0
2024-02-19,0.0,150.0,93.0
2024-02-20,0.0,140.0,-47.0
2024-02-21,0.0,173.0,-220.0
2024-02-22,391.0,183.0,-12.0
2024-02-23,359.0,145.0,202.0
2024-02-24,0.0,133.0,69.0
2024-02-25,0.0,0.0,69.0
2024-02-26,0.0,102.0,-33.0
2024-02-27,0.0,167.0,-200.0
2024-02-28,1579.0,164.0,1215.0
2024-02-29,31.0,231.0,1015.0
2024-03-01,0.0,219.0,796.0
2024-03-02,0.0,0.0,796.0
2024-03-03,0.0,0.0,796.0
2024-03-04,0.0,146.0,650.0
2024-03-05,0.0,186.0,464.0
2024-03-06,0.0,190.0,274.0
2024-03-07,0.0,204.0,70.0
2024-03-08,0.0,100.0,-30.0
2024-03-09,1212.0,310.0,872.0
2024-03-10,0.0,0.0,872.0
2024-03-11,17.0,211.0,678.0
2024-03-12,0.0,213.0,465.0
2024-03-13,0.0,193.0,272.0
2024-03-14,0.0,193.0,79.0
2024-03-15,0.0,165.0,-86.0
2024-03-16,0.0,155.0,-241.0
2024-03-17,0.0,0.0,-241.0
2024-03-18,1025.0,109.0,675.0
2024-03-19,0.0,93.0,582.0
2024-03-20,0.0,152.0,430.0
2024-03-21,0.0,148.0,282.0
2024-03-22,25.0,25.0,282.0
2024-03-23,0.0,0.0,282.0
2024-03-24,0.0,0.0,282.0
2024-03-25,0.0,0.0,282.0
2024-03-26,0.0,0.0,282.0
2024-03-27,0.0,0.0,282.0
2024-03-28,0.0,179.0,103.0
2024-03-29,0.0,2.0,101.0
2024-03-30,0.0,0.0,101.0
2024-03-31,0.0,0.0,101.0
2024-04-01,0.0,0.0,101.0
2024-04-02,0.0,0.0,101.0
2024-04-03,0.0,0.0,101.0
2024-04-04,0.0,0.0,101.0
2024-04-05,0.0,0.0,101.0
2024-04-06,0.0,0.0,101.0
2024-04-07,0.0,0.0,101.0
2024-04-08,0.0,0.0,101.0
2024-04-09,0.0,0.0,101.0
2024-04-10,0.0,119.0,-18.0
2024-04-11,0.0,0.0,-18.0
2024-04-12,0.0,0.0,-18.0
2024-04-13,0.0,149.0,-167.0
2024-04-14,0.0,0.0,-167.0
2024-04-15,334.0,0.0,167.0
2024-04-16,0.0,0.0,167.0
2024-04-17,0.0,0.0,167.0
2024-04-18,0.0,0.0,167.0
2024-04-19,0.0,0.0,167.0
2024-04-20,0.0,98.0,69.0
2024-04-21,0.0,120.0,-51.0
2024-04-22,0.0,0.0,-51.0
2024-04-23,0.0,0.0,-51.0
2024-04-24,0.0,0.0,-51.0
2024-04-25,0.0,170.0,-221.0
2024-04-26,453.0,90.0,142.0
2024-04-27,0.0,91.0,51.0
2024-04-28,0.0,0.0,51.0
2024-04-29,0.0,14.0,37.0
2024-04-30,0.0,322.0,-285.0
2024-05-01,0.0,11.0,-296.0
2024-05-02,0.0,0.0,-296.0
2024-05-03,62.0,62.0,-296.0
2024-05-04,1138.0,26.0,816.0
2024-05-05,0.0,0.0,816.0
2024-05-06,0.0,106.0,710.0
2024-05-07,77.0,238.0,549.0
2024-05-08,28.0,262.0,315.0
2024-05-09,0.0,305.0,10.0
2024-05-10,0.0,12.0,-2.0
2024-05-11,21.0,21.0,-2.0
2024-05-12,0.0,0.0,-2.0
2024-05-13,1230.0,66.0,1162.0
2024-05-14,11.0,391.0,782.0
2024-05-15,50.0,50.0,782.0
2024-05-16,0.0,341.0,441.0
2024-05-17,7.0,120.0,328.0
2024-05-18,0.0,303.0,25.0
2024-05-19,0.0,0.0,25.0
2024-05-20,0.0,11.0,14.0
2024-05-21,915.0,3.0,926.0
2024-05-22,0.0,0.0,926.0
2024-05-23,0.0,0.0,926.0
2024-05-24,0.0,258.0,668.0
2024-05-25,0.0,20.0,648.0
2024-05-26,0.0,0.0,648.0
2024-05-27,0.0,0.0,648.0
2024-05-28,0.0,0.0,648.0
2024-05-29,0.0,185.0,463.0
2024-05-30,759.0,358.0,864.0
2024-05-31,0.0,148.0,716.0
2024-06-01,0.0,0.0,716.0
2024-06-02,0.0,0.0,716.0
2024-06-03,0.0,0.0,716.0
2024-06-04,0.0,0.0,716.0
2024-06-05,0.0,0.0,716.0
2024-06-06,0.0,155.0,561.0
2024-06-07,0.0,170.0,391.0
2024-06-08,0.0,119.0,272.0
2024-06-09,0.0,0.0,272.0
2024-06-10,674.0,199.0,747.0
2024-06-11,33.0,427.0,353.0
2024-06-12,0.0,184.0,169.0
2024-06-13,0.0,155.0,14.0
2024-06-14,0.0,63.0,-49.0
2024-06-15,0.0,0.0,-49.0
2024-06-16,0.0,0.0,-49.0
2024-06-17,1068.0,0.0,1019.0
2024-06-18,17.0,17.0,1019.0
2024-06-19,0.0,8.0,1011.0
2024-06-20,0.0,63.0,948.0
2024-06-21,0.0,141.0,807.0
2024-06-22,0.0,15.0,792.0
2024-06-23,0.0,0.0,792.0
2024-06-24,0.0,104.0,688.0
2024-06-25,0.0,190.0,498.0
2024-06-26,0.0,133.0,365.0
2024-06-27,0.0,286.0,79.0
2024-06-28,715.0,10.0,784.0
2024-06-29,0.0,0.0,784.0
2024-06-30,0.0,0.0,784.0
2024-07-01,0.0,0.0,784.0
2024-07-02,0.0,0.0,784.0
2024-07-03,0.0,0.0,784.0
2024-07-04,0.0,0.0,784.0
2024-07-05,0.0,190.0,594.0
2024-07-06,0.0,316.0,278.0
2024-07-07,0.0,0.0,278.0
2024-07-08,0.0,158.0,120.0
2024-07-09,796.0,178.0,738.0
2024-07-10,1.0,14.0,725.0
2024-07-11,0.0,0.0,725.0
2024-07-12,0.0,0.0,725.0
2024-07-13,0.0,0.0,725.0
2024-07-14,0.0,0.0,725.0
2024-07-15,0.0,0.0,725.0
2024-07-16,0.0,87.0,638.0
2024-07-17,0.0,130.0,508.0
2024-07-18,0.0,0.0,508.0
2024-07-19,0.0,124.0,384.0
2024-07-20,0.0,163.0,221.0
2024-07-21,0.0,0.0,221.0
2024-07-22,478.0,139.0,560.0
2024-07-23,0.0,204.0,356.0
2024-07-24,0.0,0.0,356.0
2024-07-25,0.0,0.0,356.0
2024-07-26,0.0,0.0,356.0
2024-07-27,0.0,0.0,356.0
2024-07-28,0.0,0.0,356.0
2024-07-29,0.0,0.0,356.0
2024-07-30,0.0,0.0,356.0
2024-07-31,0.0,0.0,356.0
2024-08-01,0.0,0.0,356.0
2024-08-02,0.0,0.0,356.0
2024-08-03,0.0,0.0,356.0
2024-08-04,0.0,0.0,356.0
2024-08-05,0.0,145.0,211.0
2024-08-06,0.0,149.0,62.0
2024-08-07,991.0,41.0,1012.0
2024-08-08,18.0,18.0,1012.0
2024-08-09,0.0,134.0,878.0
2024-08-10,0.0,162.0,716.0
2024-08-11,0.0,0.0,716.0
2024-08-12,0.0,142.0,574.0
2024-08-13,0.0,149.0,425.0
2024-08-14,0.0,133.0,292.0
2024-08-15,0.0,0.0,292.0
2024-08-16,0.0,145.0,147.0
2024-08-17,0.0,0.0,147.0
2024-08-18,0.0,0.0,147.0
2024-08-19,0.0,0.0,147.0
2024-08-20,0.0,32.0,115.0
2024-08-21,1099.0,97.0,1117.0
2024-08-22,0.0,336.0,781.0
2024-08-23,1.0,146.0,636.0
2024-08-24,0.0,0.0,636.0
2024-08-25,0.0,0.0,636.0
2024-08-26,0.0,0.0,636.0
2024-08-27,0.0,0.0,636.0
2024-08-28,0.0,0.0,636.0
2024-08-29,779.0,0.0,1415.0
2024-08-30,6.0,147.0,1274.0
2024-08-31,0.0,300.0,974.0
2024-09-01,0.0,0.0,974.0
2024-09-02,0.0,143.0,831.0
2024-09-03,0.0,324.0,507.0
2024-09-04,0.0,0.0,507.0
2024-09-05,0.0,140.0,367.0
2024-09-06,0.0,32.0,335.0
2024-09-07,749.0,191.0,893.0
2024-09-08,0.0,0.0,893.0
2024-09-09,0.0,198.0,695.0
2024-09-10,0.0,176.0,519.0
2024-09-11,0.0,0.0,519.0
2024-09-12,0.0,0.0,519.0
2024-09-13,0.0,149.0,370.0
2024-09-14,0.0,0.0,370.0
2024-09-15,0.0,0.0,370.0
2024-09-16,0.0,0.0,370.0
2024-09-17,0.0,0.0,370.0
2024-09-18,0.0,0.0,370.0
2024-09-19,0.0,0.0,370.0
2024-09-20,761.0,0.0,1131.0
2024-09-21,0.0,0.0,1131.0
2024-09-22,0.0,0.0,1131.0
2024-09-23,0.0,82.0,1049.0
2024-09-24,0.0,92.0,957.0
2024-09-25,0.0,185.0,772.0
2024-09-26,0.0,70.0,702.0
2024-09-27,0.0,0.0,702.0
2024-09-28,0.0,0.0,702.0
2024-09-29,0.0,0.0,702.0
2024-09-30,0.0,30.0,672.0
2024-10-01,0.0,0.0,672.0
2024-10-02,0.0,0.0,672.0
2024-10-03,573.0,0.0,1245.0
2024-10-04,1.0,112.0,1134.0
2024-10-05,0.0,0.0,1134.0
2024-10-06,0.0,0.0,1134.0
2024-10-07,0.0,197.0,937.0
2024-10-08,0.0,191.0,746.0
2024-10-09,0.0,0.0,746.0
2024-10-10,0.0,0.0,746.0
2024-10-11,0.0,0.0,746.0
2024-10-12,0.0,12.0,734.0
2024-10-13,0.0,0.0,734.0
2024-10-14,0.0,174.0,560.0
2024-10-15,0.0,144.0,416.0
2024-10-16,0.0,169.0,247.0
2024-10-17,488.0,126.0,609.0
2024-10-18,0.0,91.0,518.0
2024-10-19,0.0,2.0,516.0
2024-10-20,0.0,0.0,516.0
2024-10-21,780.0,246.0,1050.0
2024-10-22,0.0,133.0,917.0
2024-10-23,0.0,199.0,718.0
2024-10-24,0.0,181.0,537.0
2024-10-25,10.0,10.0,537.0
2024-10-26,0.0,0.0,537.0
2024-10-27,0.0,0.0,537.0
2024-10-28,0.0,0.0,537.0
2024-10-29,0.0,0.0,537.0
2024-10-30,0.0,0.0,537.0
2024-10-31,0.0,0.0,537.0
2024-11-01,0.0,151.0,386.0
2024-11-02,0.0,0.0,386.0
2024-11-03,0.0,0.0,386.0
2024-11-04,0.0,0.0,386.0
2024-11-05,0.0,0.0,386.0
2024-11-06,0.0,4.0,382.0
2024-11-07,944.0,198.0,1128.0
2024-11-08,16.0,172.0,972.0
2024-11-09,0.0,0.0,972.0
2024-11-10,0.0,0.0,972.0
2024-11-11,0.0,0.0,972.0
2024-11-12,0.0,0.0,972.0
2024-11-13,0.0,0.0,972.0
2024-11-14,0.0,0.0,972.0
2024-11-15,0.0,0.0,972.0
2024-11-16,0.0,0.0,972.0
2024-11-17,0.0,0.0,972.0
2024-11-18,0.0,165.0,807.0
2024-11-19,0.0,134.0,673.0
2024-11-20,0.0,0.0,673.0
2024-11-21,0.0,0.0,673.0
2024-11-22,0.0,0.0,673.0
2024-11-23,0.0,0.0,673.0
2024-11-24,0.0,0.0,673.0
